label,house,file,py_file
0,House.b18,wwhp.dck,zpy_wwhp.dck
1,House.b18,wwhp.dck,zpy_wwhp.dck
2,House.b18,wwhp.dck,zpy_wwhp.dck
3,House.b18,wwhp.dck,zpy_wwhp.dck
4,House.b18,wwhp.dck,zpy_wwhp.dck
5,House.b18,wwhp.dck,zpy_wwhp.dck
6,House.b18,wwhp.dck,zpy_wwhp.dck
7,House.b18,wwhp.dck,zpy_wwhp.dck
8,House.b18,wwhp.dck,zpy_wwhp.dck
9,House.b18,wwhp.dck,zpy_wwhp.dck
10,House.b18,wwhp.dck,zpy_wwhp.dck
11,House.b18,wwhp.dck,zpy_wwhp.dck
12,House.b18,wwhp.dck,zpy_wwhp.dck
13,House.b18,wwhp.dck,zpy_wwhp.dck
14,House.b18,wwhp.dck,zpy_wwhp.dck
15,House.b18,wwhp.dck,zpy_wwhp.dck
16,House.b18,wwhp.dck,zpy_wwhp.dck
17,House.b18,wwhp.dck,zpy_wwhp.dck
18,House.b18,wwhp.dck,zpy_wwhp.dck
19,House.b18,wwhp.dck,zpy_wwhp.dck
20,House.b18,wwhp.dck,zpy_wwhp.dck
21,House.b18,wwhp.dck,zpy_wwhp.dck
22,House.b18,wwhp.dck,zpy_wwhp.dck
23,House.b18,wwhp.dck,zpy_wwhp.dck
24,House.b18,wwhp.dck,zpy_wwhp.dck
25,House.b18,wwhp.dck,zpy_wwhp.dck
26,House.b18,wwhp.dck,zpy_wwhp.dck
27,House.b18,wwhp.dck,zpy_wwhp.dck
28,House.b18,wwhp.dck,zpy_wwhp.dck
29,House.b18,wwhp.dck,zpy_wwhp.dck
30,House.b18,wwhp.dck,zpy_wwhp.dck
31,House.b18,wwhp.dck,zpy_wwhp.dck
32,House.b18,wwhp.dck,zpy_wwhp.dck
33,House.b18,wwhp.dck,zpy_wwhp.dck
34,House.b18,wwhp.dck,zpy_wwhp.dck
35,House.b18,wwhp.dck,zpy_wwhp.dck
36,House.b18,wwhp.dck,zpy_wwhp.dck
37,House.b18,wwhp.dck,zpy_wwhp.dck
38,House.b18,wwhp.dck,zpy_wwhp.dck
39,House.b18,wwhp.dck,zpy_wwhp.dck
40,House.b18,wwhp.dck,zpy_wwhp.dck
41,House.b18,wwhp.dck,zpy_wwhp.dck
42,House.b18,wwhp.dck,zpy_wwhp.dck
43,House.b18,wwhp.dck,zpy_wwhp.dck
44,House.b18,wwhp.dck,zpy_wwhp.dck
45,House.b18,wwhp.dck,zpy_wwhp.dck
46,House.b18,wwhp.dck,zpy_wwhp.dck
47,House.b18,wwhp.dck,zpy_wwhp.dck
48,House.b18,wwhp.dck,zpy_wwhp.dck
49,House.b18,wwhp.dck,zpy_wwhp.dck
50,House.b18,wwhp.dck,zpy_wwhp.dck
51,House.b18,wwhp.dck,zpy_wwhp.dck
52,House.b18,wwhp.dck,zpy_wwhp.dck
53,House.b18,wwhp.dck,zpy_wwhp.dck
54,House.b18,wwhp.dck,zpy_wwhp.dck
55,House.b18,wwhp.dck,zpy_wwhp.dck
56,House.b18,wwhp.dck,zpy_wwhp.dck
57,House.b18,wwhp.dck,zpy_wwhp.dck
58,House.b18,wwhp.dck,zpy_wwhp.dck
59,House.b18,wwhp.dck,zpy_wwhp.dck
60,House.b18,wwhp.dck,zpy_wwhp.dck
61,House.b18,wwhp.dck,zpy_wwhp.dck
62,House.b18,wwhp.dck,zpy_wwhp.dck
63,House.b18,wwhp.dck,zpy_wwhp.dck
64,House.b18,wwhp.dck,zpy_wwhp.dck
65,House.b18,wwhp.dck,zpy_wwhp.dck
66,House.b18,wwhp.dck,zpy_wwhp.dck
67,House.b18,wwhp.dck,zpy_wwhp.dck
68,House.b18,wwhp.dck,zpy_wwhp.dck
69,House.b18,wwhp.dck,zpy_wwhp.dck
70,House.b18,wwhp.dck,zpy_wwhp.dck
71,House.b18,wwhp.dck,zpy_wwhp.dck
72,House.b18,wwhp.dck,zpy_wwhp.dck
73,House.b18,wwhp.dck,zpy_wwhp.dck
74,House.b18,wwhp.dck,zpy_wwhp.dck
75,House.b18,wwhp.dck,zpy_wwhp.dck
76,House.b18,wwhp.dck,zpy_wwhp.dck
77,House.b18,wwhp.dck,zpy_wwhp.dck
78,House.b18,wwhp.dck,zpy_wwhp.dck
79,House.b18,wwhp.dck,zpy_wwhp.dck
80,House.b18,wwhp.dck,zpy_wwhp.dck
81,House.b18,wwhp.dck,zpy_wwhp.dck
82,House.b18,wwhp.dck,zpy_wwhp.dck
83,House.b18,wwhp.dck,zpy_wwhp.dck
84,House.b18,wwhp.dck,zpy_wwhp.dck
85,House.b18,wwhp.dck,zpy_wwhp.dck
86,House.b18,wwhp.dck,zpy_wwhp.dck
87,House.b18,wwhp.dck,zpy_wwhp.dck
88,House.b18,wwhp.dck,zpy_wwhp.dck
89,House.b18,wwhp.dck,zpy_wwhp.dck
90,House.b18,wwhp.dck,zpy_wwhp.dck
91,House.b18,wwhp.dck,zpy_wwhp.dck
92,House.b18,wwhp.dck,zpy_wwhp.dck
93,House.b18,wwhp.dck,zpy_wwhp.dck
94,House.b18,wwhp.dck,zpy_wwhp.dck
95,House.b18,wwhp.dck,zpy_wwhp.dck
96,House.b18,wwhp.dck,zpy_wwhp.dck
97,House.b18,wwhp.dck,zpy_wwhp.dck
98,House.b18,wwhp.dck,zpy_wwhp.dck
99,House.b18,wwhp.dck,zpy_wwhp.dck
100,House.b18,wwhp.dck,zpy_wwhp.dck
101,House.b18,wwhp.dck,zpy_wwhp.dck
102,House.b18,wwhp.dck,zpy_wwhp.dck
103,House.b18,wwhp.dck,zpy_wwhp.dck
104,House.b18,wwhp.dck,zpy_wwhp.dck
105,House.b18,wwhp.dck,zpy_wwhp.dck
106,House.b18,wwhp.dck,zpy_wwhp.dck
107,House.b18,wwhp.dck,zpy_wwhp.dck
108,House.b18,wwhp.dck,zpy_wwhp.dck
109,House.b18,wwhp.dck,zpy_wwhp.dck
110,House.b18,wwhp.dck,zpy_wwhp.dck
111,House.b18,wwhp.dck,zpy_wwhp.dck
112,House.b18,wwhp.dck,zpy_wwhp.dck
113,House.b18,wwhp.dck,zpy_wwhp.dck
114,House.b18,wwhp.dck,zpy_wwhp.dck
115,House.b18,wwhp.dck,zpy_wwhp.dck
116,House.b18,wwhp.dck,zpy_wwhp.dck
117,House.b18,wwhp.dck,zpy_wwhp.dck
118,House.b18,wwhp.dck,zpy_wwhp.dck
119,House.b18,wwhp.dck,zpy_wwhp.dck
120,House.b18,wwhp.dck,zpy_wwhp.dck
121,House.b18,wwhp.dck,zpy_wwhp.dck
122,House.b18,wwhp.dck,zpy_wwhp.dck
123,House.b18,wwhp.dck,zpy_wwhp.dck
124,House.b18,wwhp.dck,zpy_wwhp.dck
125,House.b18,wwhp.dck,zpy_wwhp.dck
126,House.b18,wwhp.dck,zpy_wwhp.dck
127,House.b18,wwhp.dck,zpy_wwhp.dck
128,House.b18,wwhp.dck,zpy_wwhp.dck
129,House.b18,wwhp.dck,zpy_wwhp.dck
130,House.b18,wwhp.dck,zpy_wwhp.dck
131,House.b18,wwhp.dck,zpy_wwhp.dck
132,House.b18,wwhp.dck,zpy_wwhp.dck
133,House.b18,wwhp.dck,zpy_wwhp.dck
134,House.b18,wwhp.dck,zpy_wwhp.dck
135,House.b18,wwhp.dck,zpy_wwhp.dck
136,House.b18,wwhp.dck,zpy_wwhp.dck
137,House.b18,wwhp.dck,zpy_wwhp.dck
138,House.b18,wwhp.dck,zpy_wwhp.dck
139,House.b18,wwhp.dck,zpy_wwhp.dck
140,House.b18,wwhp.dck,zpy_wwhp.dck
141,House.b18,wwhp.dck,zpy_wwhp.dck
142,House.b18,wwhp.dck,zpy_wwhp.dck
143,House.b18,wwhp.dck,zpy_wwhp.dck
144,House.b18,wwhp.dck,zpy_wwhp.dck
145,House.b18,wwhp.dck,zpy_wwhp.dck
146,House.b18,wwhp.dck,zpy_wwhp.dck
147,House.b18,wwhp.dck,zpy_wwhp.dck
148,House.b18,wwhp.dck,zpy_wwhp.dck
149,House.b18,wwhp.dck,zpy_wwhp.dck
150,House.b18,wwhp.dck,zpy_wwhp.dck
151,House.b18,wwhp.dck,zpy_wwhp.dck
152,House.b18,wwhp.dck,zpy_wwhp.dck
153,House.b18,wwhp.dck,zpy_wwhp.dck
154,House.b18,wwhp.dck,zpy_wwhp.dck
155,House.b18,wwhp.dck,zpy_wwhp.dck
156,House.b18,wwhp.dck,zpy_wwhp.dck
157,House.b18,wwhp.dck,zpy_wwhp.dck
158,House.b18,wwhp.dck,zpy_wwhp.dck
159,House.b18,wwhp.dck,zpy_wwhp.dck
160,House.b18,wwhp.dck,zpy_wwhp.dck
161,House.b18,wwhp.dck,zpy_wwhp.dck
162,House.b18,wwhp.dck,zpy_wwhp.dck
163,House.b18,wwhp.dck,zpy_wwhp.dck
164,House.b18,wwhp.dck,zpy_wwhp.dck
165,House.b18,wwhp.dck,zpy_wwhp.dck
166,House.b18,wwhp.dck,zpy_wwhp.dck
167,House.b18,wwhp.dck,zpy_wwhp.dck
168,House.b18,wwhp.dck,zpy_wwhp.dck
169,House.b18,wwhp.dck,zpy_wwhp.dck
170,House.b18,wwhp.dck,zpy_wwhp.dck
171,House.b18,wwhp.dck,zpy_wwhp.dck
172,House.b18,wwhp.dck,zpy_wwhp.dck
173,House.b18,wwhp.dck,zpy_wwhp.dck
174,House.b18,wwhp.dck,zpy_wwhp.dck
175,House.b18,wwhp.dck,zpy_wwhp.dck
176,House.b18,wwhp.dck,zpy_wwhp.dck
177,House.b18,wwhp.dck,zpy_wwhp.dck
178,House.b18,wwhp.dck,zpy_wwhp.dck
179,House.b18,wwhp.dck,zpy_wwhp.dck
180,House.b18,wwhp.dck,zpy_wwhp.dck
181,House.b18,wwhp.dck,zpy_wwhp.dck
182,House.b18,wwhp.dck,zpy_wwhp.dck
183,House.b18,wwhp.dck,zpy_wwhp.dck
184,House.b18,wwhp.dck,zpy_wwhp.dck
185,House.b18,wwhp.dck,zpy_wwhp.dck
186,House.b18,wwhp.dck,zpy_wwhp.dck
187,House.b18,wwhp.dck,zpy_wwhp.dck
188,House.b18,wwhp.dck,zpy_wwhp.dck
189,House.b18,wwhp.dck,zpy_wwhp.dck
190,House.b18,wwhp.dck,zpy_wwhp.dck
191,House.b18,wwhp.dck,zpy_wwhp.dck
192,House.b18,wwhp.dck,zpy_wwhp.dck
193,House.b18,wwhp.dck,zpy_wwhp.dck
194,House.b18,wwhp.dck,zpy_wwhp.dck
195,House.b18,wwhp.dck,zpy_wwhp.dck
196,House.b18,wwhp.dck,zpy_wwhp.dck
197,House.b18,wwhp.dck,zpy_wwhp.dck
198,House.b18,wwhp.dck,zpy_wwhp.dck
199,House.b18,wwhp.dck,zpy_wwhp.dck
200,House.b18,wwhp.dck,zpy_wwhp.dck
201,House.b18,wwhp.dck,zpy_wwhp.dck
202,House.b18,wwhp.dck,zpy_wwhp.dck
203,House.b18,wwhp.dck,zpy_wwhp.dck
204,House.b18,wwhp.dck,zpy_wwhp.dck
205,House.b18,wwhp.dck,zpy_wwhp.dck
206,House.b18,wwhp.dck,zpy_wwhp.dck
207,House.b18,wwhp.dck,zpy_wwhp.dck
208,House.b18,wwhp.dck,zpy_wwhp.dck
209,House.b18,wwhp.dck,zpy_wwhp.dck
210,House.b18,wwhp.dck,zpy_wwhp.dck
211,House.b18,wwhp.dck,zpy_wwhp.dck
212,House.b18,wwhp.dck,zpy_wwhp.dck
213,House.b18,wwhp.dck,zpy_wwhp.dck
214,House.b18,wwhp.dck,zpy_wwhp.dck
215,House.b18,wwhp.dck,zpy_wwhp.dck
216,House.b18,wwhp.dck,zpy_wwhp.dck
217,House.b18,wwhp.dck,zpy_wwhp.dck
218,House.b18,wwhp.dck,zpy_wwhp.dck
219,House.b18,wwhp.dck,zpy_wwhp.dck
220,House.b18,wwhp.dck,zpy_wwhp.dck
221,House.b18,wwhp.dck,zpy_wwhp.dck
222,House.b18,wwhp.dck,zpy_wwhp.dck
223,House.b18,wwhp.dck,zpy_wwhp.dck
224,House.b18,wwhp.dck,zpy_wwhp.dck
225,House.b18,wwhp.dck,zpy_wwhp.dck
226,House.b18,wwhp.dck,zpy_wwhp.dck
227,House.b18,wwhp.dck,zpy_wwhp.dck
228,House.b18,wwhp.dck,zpy_wwhp.dck
229,House.b18,wwhp.dck,zpy_wwhp.dck
230,House.b18,wwhp.dck,zpy_wwhp.dck
231,House.b18,wwhp.dck,zpy_wwhp.dck
232,House.b18,wwhp.dck,zpy_wwhp.dck
233,House.b18,wwhp.dck,zpy_wwhp.dck
234,House.b18,wwhp.dck,zpy_wwhp.dck
235,House.b18,wwhp.dck,zpy_wwhp.dck
236,House.b18,wwhp.dck,zpy_wwhp.dck
237,House.b18,wwhp.dck,zpy_wwhp.dck
238,House.b18,wwhp.dck,zpy_wwhp.dck
239,House.b18,wwhp.dck,zpy_wwhp.dck
240,House.b18,wwhp.dck,zpy_wwhp.dck
241,House.b18,wwhp.dck,zpy_wwhp.dck
242,House.b18,wwhp.dck,zpy_wwhp.dck
243,House.b18,wwhp.dck,zpy_wwhp.dck
244,House.b18,wwhp.dck,zpy_wwhp.dck
245,House.b18,wwhp.dck,zpy_wwhp.dck
246,House.b18,wwhp.dck,zpy_wwhp.dck
247,House.b18,wwhp.dck,zpy_wwhp.dck
248,House.b18,wwhp.dck,zpy_wwhp.dck
249,House.b18,wwhp.dck,zpy_wwhp.dck
250,House.b18,wwhp.dck,zpy_wwhp.dck
251,House.b18,wwhp.dck,zpy_wwhp.dck
252,House.b18,wwhp.dck,zpy_wwhp.dck
253,House.b18,wwhp.dck,zpy_wwhp.dck
254,House.b18,wwhp.dck,zpy_wwhp.dck
255,House.b18,wwhp.dck,zpy_wwhp.dck
256,House.b18,wwhp.dck,zpy_wwhp.dck
257,House.b18,wwhp.dck,zpy_wwhp.dck
258,House.b18,wwhp.dck,zpy_wwhp.dck
259,House.b18,wwhp.dck,zpy_wwhp.dck
260,House.b18,wwhp.dck,zpy_wwhp.dck
261,House.b18,wwhp.dck,zpy_wwhp.dck
262,House.b18,wwhp.dck,zpy_wwhp.dck
263,House.b18,wwhp.dck,zpy_wwhp.dck
264,House.b18,wwhp.dck,zpy_wwhp.dck
265,House.b18,wwhp.dck,zpy_wwhp.dck
266,House.b18,wwhp.dck,zpy_wwhp.dck
267,House.b18,wwhp.dck,zpy_wwhp.dck
268,House.b18,wwhp.dck,zpy_wwhp.dck
269,House.b18,wwhp.dck,zpy_wwhp.dck
270,House.b18,wwhp.dck,zpy_wwhp.dck
271,House.b18,wwhp.dck,zpy_wwhp.dck
272,House.b18,wwhp.dck,zpy_wwhp.dck
273,House.b18,wwhp.dck,zpy_wwhp.dck
274,House.b18,wwhp.dck,zpy_wwhp.dck
275,House.b18,wwhp.dck,zpy_wwhp.dck
276,House.b18,wwhp.dck,zpy_wwhp.dck
277,House.b18,wwhp.dck,zpy_wwhp.dck
278,House.b18,wwhp.dck,zpy_wwhp.dck
279,House.b18,wwhp.dck,zpy_wwhp.dck
280,House.b18,wwhp.dck,zpy_wwhp.dck
281,House.b18,wwhp.dck,zpy_wwhp.dck
282,House.b18,wwhp.dck,zpy_wwhp.dck
283,House.b18,wwhp.dck,zpy_wwhp.dck
284,House.b18,wwhp.dck,zpy_wwhp.dck
285,House.b18,wwhp.dck,zpy_wwhp.dck
286,House.b18,wwhp.dck,zpy_wwhp.dck
287,House.b18,wwhp.dck,zpy_wwhp.dck
288,House.b18,wwhp.dck,zpy_wwhp.dck
289,House.b18,wwhp.dck,zpy_wwhp.dck
290,House.b18,wwhp.dck,zpy_wwhp.dck
291,House.b18,wwhp.dck,zpy_wwhp.dck
292,House.b18,wwhp.dck,zpy_wwhp.dck
293,House.b18,wwhp.dck,zpy_wwhp.dck
294,House.b18,wwhp.dck,zpy_wwhp.dck
295,House.b18,wwhp.dck,zpy_wwhp.dck
296,House.b18,wwhp.dck,zpy_wwhp.dck
297,House.b18,wwhp.dck,zpy_wwhp.dck
298,House.b18,wwhp.dck,zpy_wwhp.dck
299,House.b18,wwhp.dck,zpy_wwhp.dck
300,House.b18,wwhp.dck,zpy_wwhp.dck
301,House.b18,wwhp.dck,zpy_wwhp.dck
302,House.b18,wwhp.dck,zpy_wwhp.dck
303,House.b18,wwhp.dck,zpy_wwhp.dck
304,House.b18,wwhp.dck,zpy_wwhp.dck
305,House.b18,wwhp.dck,zpy_wwhp.dck
306,House.b18,wwhp.dck,zpy_wwhp.dck
307,House.b18,wwhp.dck,zpy_wwhp.dck
308,House.b18,wwhp.dck,zpy_wwhp.dck
309,House.b18,wwhp.dck,zpy_wwhp.dck
310,House.b18,wwhp.dck,zpy_wwhp.dck
311,House.b18,wwhp.dck,zpy_wwhp.dck
312,House.b18,wwhp.dck,zpy_wwhp.dck
313,House.b18,wwhp.dck,zpy_wwhp.dck
314,House.b18,wwhp.dck,zpy_wwhp.dck
315,House.b18,wwhp.dck,zpy_wwhp.dck
316,House.b18,wwhp.dck,zpy_wwhp.dck
317,House.b18,wwhp.dck,zpy_wwhp.dck
318,House.b18,wwhp.dck,zpy_wwhp.dck
319,House.b18,wwhp.dck,zpy_wwhp.dck
320,House.b18,wwhp.dck,zpy_wwhp.dck
321,House.b18,wwhp.dck,zpy_wwhp.dck
322,House.b18,wwhp.dck,zpy_wwhp.dck
323,House.b18,wwhp.dck,zpy_wwhp.dck
324,House.b18,wwhp.dck,zpy_wwhp.dck
325,House.b18,wwhp.dck,zpy_wwhp.dck
326,House.b18,wwhp.dck,zpy_wwhp.dck
327,House.b18,wwhp.dck,zpy_wwhp.dck
328,House.b18,wwhp.dck,zpy_wwhp.dck
329,House.b18,wwhp.dck,zpy_wwhp.dck
330,House.b18,wwhp.dck,zpy_wwhp.dck
331,House.b18,wwhp.dck,zpy_wwhp.dck
332,House.b18,wwhp.dck,zpy_wwhp.dck
333,House.b18,wwhp.dck,zpy_wwhp.dck
334,House.b18,wwhp.dck,zpy_wwhp.dck
335,House.b18,wwhp.dck,zpy_wwhp.dck
336,House.b18,wwhp.dck,zpy_wwhp.dck
337,House.b18,wwhp.dck,zpy_wwhp.dck
338,House.b18,wwhp.dck,zpy_wwhp.dck
339,House.b18,wwhp.dck,zpy_wwhp.dck
340,House.b18,wwhp.dck,zpy_wwhp.dck
341,House.b18,wwhp.dck,zpy_wwhp.dck
342,House.b18,wwhp.dck,zpy_wwhp.dck
343,House.b18,wwhp.dck,zpy_wwhp.dck
344,House.b18,wwhp.dck,zpy_wwhp.dck
345,House.b18,wwhp.dck,zpy_wwhp.dck
346,House.b18,wwhp.dck,zpy_wwhp.dck
347,House.b18,wwhp.dck,zpy_wwhp.dck
348,House.b18,wwhp.dck,zpy_wwhp.dck
349,House.b18,wwhp.dck,zpy_wwhp.dck
350,House.b18,wwhp.dck,zpy_wwhp.dck
351,House.b18,wwhp.dck,zpy_wwhp.dck
352,House.b18,wwhp.dck,zpy_wwhp.dck
353,House.b18,wwhp.dck,zpy_wwhp.dck
354,House.b18,wwhp.dck,zpy_wwhp.dck
355,House.b18,wwhp.dck,zpy_wwhp.dck
356,House.b18,wwhp.dck,zpy_wwhp.dck
357,House.b18,wwhp.dck,zpy_wwhp.dck
358,House.b18,wwhp.dck,zpy_wwhp.dck
359,House.b18,wwhp.dck,zpy_wwhp.dck
360,House.b18,wwhp.dck,zpy_wwhp.dck
361,House.b18,wwhp.dck,zpy_wwhp.dck
362,House.b18,wwhp.dck,zpy_wwhp.dck
363,House.b18,wwhp.dck,zpy_wwhp.dck
364,House.b18,wwhp.dck,zpy_wwhp.dck
365,House.b18,wwhp.dck,zpy_wwhp.dck
366,House.b18,wwhp.dck,zpy_wwhp.dck
367,House.b18,wwhp.dck,zpy_wwhp.dck
368,House.b18,wwhp.dck,zpy_wwhp.dck
369,House.b18,wwhp.dck,zpy_wwhp.dck
370,House.b18,wwhp.dck,zpy_wwhp.dck
371,House.b18,wwhp.dck,zpy_wwhp.dck
372,House.b18,wwhp.dck,zpy_wwhp.dck
373,House.b18,wwhp.dck,zpy_wwhp.dck
374,House.b18,wwhp.dck,zpy_wwhp.dck
375,House.b18,wwhp.dck,zpy_wwhp.dck
376,House.b18,wwhp.dck,zpy_wwhp.dck
377,House.b18,wwhp.dck,zpy_wwhp.dck
378,House.b18,wwhp.dck,zpy_wwhp.dck
379,House.b18,wwhp.dck,zpy_wwhp.dck
380,House.b18,wwhp.dck,zpy_wwhp.dck
381,House.b18,wwhp.dck,zpy_wwhp.dck
382,House.b18,wwhp.dck,zpy_wwhp.dck
383,House.b18,wwhp.dck,zpy_wwhp.dck
384,House.b18,ashp.dck,zpy_ashp.dck
385,House.b18,ashp.dck,zpy_ashp.dck
386,House.b18,ashp.dck,zpy_ashp.dck
387,House.b18,ashp.dck,zpy_ashp.dck
388,House.b18,ashp.dck,zpy_ashp.dck
389,House.b18,ashp.dck,zpy_ashp.dck
390,House.b18,ashp.dck,zpy_ashp.dck
391,House.b18,ashp.dck,zpy_ashp.dck
392,House.b18,ashp.dck,zpy_ashp.dck
393,House.b18,ashp.dck,zpy_ashp.dck
394,House.b18,ashp.dck,zpy_ashp.dck
395,House.b18,ashp.dck,zpy_ashp.dck
396,House.b18,ashp.dck,zpy_ashp.dck
397,House.b18,ashp.dck,zpy_ashp.dck
398,House.b18,ashp.dck,zpy_ashp.dck
399,House.b18,ashp.dck,zpy_ashp.dck
400,House.b18,ashp.dck,zpy_ashp.dck
401,House.b18,ashp.dck,zpy_ashp.dck
402,House.b18,ashp.dck,zpy_ashp.dck
403,House.b18,ashp.dck,zpy_ashp.dck
404,House.b18,ashp.dck,zpy_ashp.dck
405,House.b18,ashp.dck,zpy_ashp.dck
406,House.b18,ashp.dck,zpy_ashp.dck
407,House.b18,ashp.dck,zpy_ashp.dck
408,House.b18,wwhp.dck,zpy_wwhp.dck
409,House.b18,wwhp.dck,zpy_wwhp.dck
410,House.b18,wwhp.dck,zpy_wwhp.dck
411,House.b18,wwhp.dck,zpy_wwhp.dck
412,House.b18,wwhp.dck,zpy_wwhp.dck
413,House.b18,wwhp.dck,zpy_wwhp.dck
414,House.b18,wwhp.dck,zpy_wwhp.dck
415,House.b18,wwhp.dck,zpy_wwhp.dck
416,House.b18,wwhp.dck,zpy_wwhp.dck
417,House.b18,wwhp.dck,zpy_wwhp.dck
418,House.b18,wwhp.dck,zpy_wwhp.dck
419,House.b18,wwhp.dck,zpy_wwhp.dck
420,House.b18,wwhp.dck,zpy_wwhp.dck
421,House.b18,wwhp.dck,zpy_wwhp.dck
422,House.b18,wwhp.dck,zpy_wwhp.dck
423,House.b18,wwhp.dck,zpy_wwhp.dck
424,House.b18,wwhp.dck,zpy_wwhp.dck
425,House.b18,wwhp.dck,zpy_wwhp.dck
426,House.b18,wwhp.dck,zpy_wwhp.dck
427,House.b18,wwhp.dck,zpy_wwhp.dck
428,House.b18,wwhp.dck,zpy_wwhp.dck
429,House.b18,wwhp.dck,zpy_wwhp.dck
430,House.b18,wwhp.dck,zpy_wwhp.dck
431,House.b18,wwhp.dck,zpy_wwhp.dck
432,House.b18,wwhp.dck,zpy_wwhp.dck
433,House.b18,wwhp.dck,zpy_wwhp.dck
434,House.b18,wwhp.dck,zpy_wwhp.dck
435,House.b18,wwhp.dck,zpy_wwhp.dck
436,House.b18,wwhp.dck,zpy_wwhp.dck
437,House.b18,wwhp.dck,zpy_wwhp.dck
438,House.b18,wwhp.dck,zpy_wwhp.dck
439,House.b18,wwhp.dck,zpy_wwhp.dck
440,House.b18,wwhp.dck,zpy_wwhp.dck
441,House.b18,wwhp.dck,zpy_wwhp.dck
442,House.b18,wwhp.dck,zpy_wwhp.dck
443,House.b18,wwhp.dck,zpy_wwhp.dck
444,House.b18,wwhp.dck,zpy_wwhp.dck
445,House.b18,wwhp.dck,zpy_wwhp.dck
446,House.b18,wwhp.dck,zpy_wwhp.dck
447,House.b18,wwhp.dck,zpy_wwhp.dck
448,House.b18,wwhp.dck,zpy_wwhp.dck
449,House.b18,wwhp.dck,zpy_wwhp.dck
450,House.b18,wwhp.dck,zpy_wwhp.dck
451,House.b18,wwhp.dck,zpy_wwhp.dck
452,House.b18,wwhp.dck,zpy_wwhp.dck
453,House.b18,wwhp.dck,zpy_wwhp.dck
454,House.b18,wwhp.dck,zpy_wwhp.dck
455,House.b18,wwhp.dck,zpy_wwhp.dck
456,House.b18,wwhp.dck,zpy_wwhp.dck
457,House.b18,wwhp.dck,zpy_wwhp.dck
458,House.b18,wwhp.dck,zpy_wwhp.dck
459,House.b18,wwhp.dck,zpy_wwhp.dck
460,House.b18,wwhp.dck,zpy_wwhp.dck
461,House.b18,wwhp.dck,zpy_wwhp.dck
462,House.b18,wwhp.dck,zpy_wwhp.dck
463,House.b18,wwhp.dck,zpy_wwhp.dck
464,House.b18,wwhp.dck,zpy_wwhp.dck
465,House.b18,wwhp.dck,zpy_wwhp.dck
466,House.b18,wwhp.dck,zpy_wwhp.dck
467,House.b18,wwhp.dck,zpy_wwhp.dck
468,House.b18,wwhp.dck,zpy_wwhp.dck
469,House.b18,wwhp.dck,zpy_wwhp.dck
470,House.b18,wwhp.dck,zpy_wwhp.dck
471,House.b18,wwhp.dck,zpy_wwhp.dck
472,House.b18,wwhp.dck,zpy_wwhp.dck
473,House.b18,wwhp.dck,zpy_wwhp.dck
474,House.b18,wwhp.dck,zpy_wwhp.dck
475,House.b18,wwhp.dck,zpy_wwhp.dck
476,House.b18,wwhp.dck,zpy_wwhp.dck
477,House.b18,wwhp.dck,zpy_wwhp.dck
478,House.b18,wwhp.dck,zpy_wwhp.dck
479,House.b18,wwhp.dck,zpy_wwhp.dck
480,House.b18,wwhp.dck,zpy_wwhp.dck
481,House.b18,wwhp.dck,zpy_wwhp.dck
482,House.b18,wwhp.dck,zpy_wwhp.dck
483,House.b18,wwhp.dck,zpy_wwhp.dck
484,House.b18,wwhp.dck,zpy_wwhp.dck
485,House.b18,wwhp.dck,zpy_wwhp.dck
486,House.b18,wwhp.dck,zpy_wwhp.dck
487,House.b18,wwhp.dck,zpy_wwhp.dck
488,House.b18,wwhp.dck,zpy_wwhp.dck
489,House.b18,wwhp.dck,zpy_wwhp.dck
490,House.b18,wwhp.dck,zpy_wwhp.dck
491,House.b18,wwhp.dck,zpy_wwhp.dck
492,House.b18,wwhp.dck,zpy_wwhp.dck
493,House.b18,wwhp.dck,zpy_wwhp.dck
494,House.b18,wwhp.dck,zpy_wwhp.dck
495,House.b18,wwhp.dck,zpy_wwhp.dck
496,House.b18,wwhp.dck,zpy_wwhp.dck
497,House.b18,wwhp.dck,zpy_wwhp.dck
498,House.b18,wwhp.dck,zpy_wwhp.dck
499,House.b18,wwhp.dck,zpy_wwhp.dck
500,House.b18,wwhp.dck,zpy_wwhp.dck
501,House.b18,wwhp.dck,zpy_wwhp.dck
502,House.b18,wwhp.dck,zpy_wwhp.dck
503,House.b18,wwhp.dck,zpy_wwhp.dck
504,House.b18,wwhp.dck,zpy_wwhp.dck
505,House.b18,wwhp.dck,zpy_wwhp.dck
506,House.b18,wwhp.dck,zpy_wwhp.dck
507,House.b18,wwhp.dck,zpy_wwhp.dck
508,House.b18,wwhp.dck,zpy_wwhp.dck
509,House.b18,wwhp.dck,zpy_wwhp.dck
510,House.b18,wwhp.dck,zpy_wwhp.dck
511,House.b18,wwhp.dck,zpy_wwhp.dck
512,House.b18,wwhp.dck,zpy_wwhp.dck
513,House.b18,wwhp.dck,zpy_wwhp.dck
514,House.b18,wwhp.dck,zpy_wwhp.dck
515,House.b18,wwhp.dck,zpy_wwhp.dck
516,House.b18,wwhp.dck,zpy_wwhp.dck
517,House.b18,wwhp.dck,zpy_wwhp.dck
518,House.b18,wwhp.dck,zpy_wwhp.dck
519,House.b18,wwhp.dck,zpy_wwhp.dck
520,House.b18,wwhp.dck,zpy_wwhp.dck
521,House.b18,wwhp.dck,zpy_wwhp.dck
522,House.b18,wwhp.dck,zpy_wwhp.dck
523,House.b18,wwhp.dck,zpy_wwhp.dck
524,House.b18,wwhp.dck,zpy_wwhp.dck
525,House.b18,wwhp.dck,zpy_wwhp.dck
526,House.b18,wwhp.dck,zpy_wwhp.dck
527,House.b18,wwhp.dck,zpy_wwhp.dck
528,House.b18,wwhp.dck,zpy_wwhp.dck
529,House.b18,wwhp.dck,zpy_wwhp.dck
530,House.b18,wwhp.dck,zpy_wwhp.dck
531,House.b18,wwhp.dck,zpy_wwhp.dck
532,House.b18,wwhp.dck,zpy_wwhp.dck
533,House.b18,wwhp.dck,zpy_wwhp.dck
534,House.b18,wwhp.dck,zpy_wwhp.dck
535,House.b18,wwhp.dck,zpy_wwhp.dck
536,House.b18,wwhp.dck,zpy_wwhp.dck
537,House.b18,wwhp.dck,zpy_wwhp.dck
538,House.b18,wwhp.dck,zpy_wwhp.dck
539,House.b18,wwhp.dck,zpy_wwhp.dck
540,House.b18,wwhp.dck,zpy_wwhp.dck
541,House.b18,wwhp.dck,zpy_wwhp.dck
542,House.b18,wwhp.dck,zpy_wwhp.dck
543,House.b18,wwhp.dck,zpy_wwhp.dck
544,House.b18,wwhp.dck,zpy_wwhp.dck
545,House.b18,wwhp.dck,zpy_wwhp.dck
546,House.b18,wwhp.dck,zpy_wwhp.dck
547,House.b18,wwhp.dck,zpy_wwhp.dck
548,House.b18,wwhp.dck,zpy_wwhp.dck
549,House.b18,wwhp.dck,zpy_wwhp.dck
550,House.b18,wwhp.dck,zpy_wwhp.dck
551,House.b18,wwhp.dck,zpy_wwhp.dck
552,House.b18,wwhp.dck,zpy_wwhp.dck
553,House.b18,wwhp.dck,zpy_wwhp.dck
554,House.b18,wwhp.dck,zpy_wwhp.dck
555,House.b18,wwhp.dck,zpy_wwhp.dck
556,House.b18,wwhp.dck,zpy_wwhp.dck
557,House.b18,wwhp.dck,zpy_wwhp.dck
558,House.b18,wwhp.dck,zpy_wwhp.dck
559,House.b18,wwhp.dck,zpy_wwhp.dck
560,House.b18,wwhp.dck,zpy_wwhp.dck
561,House.b18,wwhp.dck,zpy_wwhp.dck
562,House.b18,wwhp.dck,zpy_wwhp.dck
563,House.b18,wwhp.dck,zpy_wwhp.dck
564,House.b18,wwhp.dck,zpy_wwhp.dck
565,House.b18,wwhp.dck,zpy_wwhp.dck
566,House.b18,wwhp.dck,zpy_wwhp.dck
567,House.b18,wwhp.dck,zpy_wwhp.dck
568,House.b18,wwhp.dck,zpy_wwhp.dck
569,House.b18,wwhp.dck,zpy_wwhp.dck
570,House.b18,wwhp.dck,zpy_wwhp.dck
571,House.b18,wwhp.dck,zpy_wwhp.dck
572,House.b18,wwhp.dck,zpy_wwhp.dck
573,House.b18,wwhp.dck,zpy_wwhp.dck
574,House.b18,wwhp.dck,zpy_wwhp.dck
575,House.b18,wwhp.dck,zpy_wwhp.dck
576,House.b18,wwhp.dck,zpy_wwhp.dck
577,House.b18,wwhp.dck,zpy_wwhp.dck
578,House.b18,wwhp.dck,zpy_wwhp.dck
579,House.b18,wwhp.dck,zpy_wwhp.dck
580,House.b18,wwhp.dck,zpy_wwhp.dck
581,House.b18,wwhp.dck,zpy_wwhp.dck
582,House.b18,wwhp.dck,zpy_wwhp.dck
583,House.b18,wwhp.dck,zpy_wwhp.dck
584,House.b18,wwhp.dck,zpy_wwhp.dck
585,House.b18,wwhp.dck,zpy_wwhp.dck
586,House.b18,wwhp.dck,zpy_wwhp.dck
587,House.b18,wwhp.dck,zpy_wwhp.dck
588,House.b18,wwhp.dck,zpy_wwhp.dck
589,House.b18,wwhp.dck,zpy_wwhp.dck
590,House.b18,wwhp.dck,zpy_wwhp.dck
591,House.b18,wwhp.dck,zpy_wwhp.dck
592,House.b18,wwhp.dck,zpy_wwhp.dck
593,House.b18,wwhp.dck,zpy_wwhp.dck
594,House.b18,wwhp.dck,zpy_wwhp.dck
595,House.b18,wwhp.dck,zpy_wwhp.dck
596,House.b18,wwhp.dck,zpy_wwhp.dck
597,House.b18,wwhp.dck,zpy_wwhp.dck
598,House.b18,wwhp.dck,zpy_wwhp.dck
599,House.b18,wwhp.dck,zpy_wwhp.dck
600,House.b18,wwhp.dck,zpy_wwhp.dck
601,House.b18,wwhp.dck,zpy_wwhp.dck
602,House.b18,wwhp.dck,zpy_wwhp.dck
603,House.b18,wwhp.dck,zpy_wwhp.dck
604,House.b18,wwhp.dck,zpy_wwhp.dck
605,House.b18,wwhp.dck,zpy_wwhp.dck
606,House.b18,wwhp.dck,zpy_wwhp.dck
607,House.b18,wwhp.dck,zpy_wwhp.dck
608,House.b18,wwhp.dck,zpy_wwhp.dck
609,House.b18,wwhp.dck,zpy_wwhp.dck
610,House.b18,wwhp.dck,zpy_wwhp.dck
611,House.b18,wwhp.dck,zpy_wwhp.dck
612,House.b18,wwhp.dck,zpy_wwhp.dck
613,House.b18,wwhp.dck,zpy_wwhp.dck
614,House.b18,wwhp.dck,zpy_wwhp.dck
615,House.b18,wwhp.dck,zpy_wwhp.dck
616,House.b18,wwhp.dck,zpy_wwhp.dck
617,House.b18,wwhp.dck,zpy_wwhp.dck
618,House.b18,wwhp.dck,zpy_wwhp.dck
619,House.b18,wwhp.dck,zpy_wwhp.dck
620,House.b18,wwhp.dck,zpy_wwhp.dck
621,House.b18,wwhp.dck,zpy_wwhp.dck
622,House.b18,wwhp.dck,zpy_wwhp.dck
623,House.b18,wwhp.dck,zpy_wwhp.dck
624,House.b18,wwhp.dck,zpy_wwhp.dck
625,House.b18,wwhp.dck,zpy_wwhp.dck
626,House.b18,wwhp.dck,zpy_wwhp.dck
627,House.b18,wwhp.dck,zpy_wwhp.dck
628,House.b18,wwhp.dck,zpy_wwhp.dck
629,House.b18,wwhp.dck,zpy_wwhp.dck
630,House.b18,wwhp.dck,zpy_wwhp.dck
631,House.b18,wwhp.dck,zpy_wwhp.dck
632,House.b18,wwhp.dck,zpy_wwhp.dck
633,House.b18,wwhp.dck,zpy_wwhp.dck
634,House.b18,wwhp.dck,zpy_wwhp.dck
635,House.b18,wwhp.dck,zpy_wwhp.dck
636,House.b18,wwhp.dck,zpy_wwhp.dck
637,House.b18,wwhp.dck,zpy_wwhp.dck
638,House.b18,wwhp.dck,zpy_wwhp.dck
639,House.b18,wwhp.dck,zpy_wwhp.dck
640,House.b18,wwhp.dck,zpy_wwhp.dck
641,House.b18,wwhp.dck,zpy_wwhp.dck
642,House.b18,wwhp.dck,zpy_wwhp.dck
643,House.b18,wwhp.dck,zpy_wwhp.dck
644,House.b18,wwhp.dck,zpy_wwhp.dck
645,House.b18,wwhp.dck,zpy_wwhp.dck
646,House.b18,wwhp.dck,zpy_wwhp.dck
647,House.b18,wwhp.dck,zpy_wwhp.dck
648,House.b18,wwhp.dck,zpy_wwhp.dck
649,House.b18,wwhp.dck,zpy_wwhp.dck
650,House.b18,wwhp.dck,zpy_wwhp.dck
651,House.b18,wwhp.dck,zpy_wwhp.dck
652,House.b18,wwhp.dck,zpy_wwhp.dck
653,House.b18,wwhp.dck,zpy_wwhp.dck
654,House.b18,wwhp.dck,zpy_wwhp.dck
655,House.b18,wwhp.dck,zpy_wwhp.dck
656,House.b18,wwhp.dck,zpy_wwhp.dck
657,House.b18,wwhp.dck,zpy_wwhp.dck
658,House.b18,wwhp.dck,zpy_wwhp.dck
659,House.b18,wwhp.dck,zpy_wwhp.dck
660,House.b18,wwhp.dck,zpy_wwhp.dck
661,House.b18,wwhp.dck,zpy_wwhp.dck
662,House.b18,wwhp.dck,zpy_wwhp.dck
663,House.b18,wwhp.dck,zpy_wwhp.dck
664,House.b18,wwhp.dck,zpy_wwhp.dck
665,House.b18,wwhp.dck,zpy_wwhp.dck
666,House.b18,wwhp.dck,zpy_wwhp.dck
667,House.b18,wwhp.dck,zpy_wwhp.dck
668,House.b18,wwhp.dck,zpy_wwhp.dck
669,House.b18,wwhp.dck,zpy_wwhp.dck
670,House.b18,wwhp.dck,zpy_wwhp.dck
671,House.b18,wwhp.dck,zpy_wwhp.dck
672,House.b18,wwhp.dck,zpy_wwhp.dck
673,House.b18,wwhp.dck,zpy_wwhp.dck
674,House.b18,wwhp.dck,zpy_wwhp.dck
675,House.b18,wwhp.dck,zpy_wwhp.dck
676,House.b18,wwhp.dck,zpy_wwhp.dck
677,House.b18,wwhp.dck,zpy_wwhp.dck
678,House.b18,wwhp.dck,zpy_wwhp.dck
679,House.b18,wwhp.dck,zpy_wwhp.dck
680,House.b18,wwhp.dck,zpy_wwhp.dck
681,House.b18,wwhp.dck,zpy_wwhp.dck
682,House.b18,wwhp.dck,zpy_wwhp.dck
683,House.b18,wwhp.dck,zpy_wwhp.dck
684,House.b18,wwhp.dck,zpy_wwhp.dck
685,House.b18,wwhp.dck,zpy_wwhp.dck
686,House.b18,wwhp.dck,zpy_wwhp.dck
687,House.b18,wwhp.dck,zpy_wwhp.dck
688,House.b18,wwhp.dck,zpy_wwhp.dck
689,House.b18,wwhp.dck,zpy_wwhp.dck
690,House.b18,wwhp.dck,zpy_wwhp.dck
691,House.b18,wwhp.dck,zpy_wwhp.dck
692,House.b18,wwhp.dck,zpy_wwhp.dck
693,House.b18,wwhp.dck,zpy_wwhp.dck
694,House.b18,wwhp.dck,zpy_wwhp.dck
695,House.b18,wwhp.dck,zpy_wwhp.dck
696,House.b18,wwhp.dck,zpy_wwhp.dck
697,House.b18,wwhp.dck,zpy_wwhp.dck
698,House.b18,wwhp.dck,zpy_wwhp.dck
699,House.b18,wwhp.dck,zpy_wwhp.dck
700,House.b18,wwhp.dck,zpy_wwhp.dck
701,House.b18,wwhp.dck,zpy_wwhp.dck
702,House.b18,wwhp.dck,zpy_wwhp.dck
703,House.b18,wwhp.dck,zpy_wwhp.dck
704,House.b18,wwhp.dck,zpy_wwhp.dck
705,House.b18,wwhp.dck,zpy_wwhp.dck
706,House.b18,wwhp.dck,zpy_wwhp.dck
707,House.b18,wwhp.dck,zpy_wwhp.dck
708,House.b18,wwhp.dck,zpy_wwhp.dck
709,House.b18,wwhp.dck,zpy_wwhp.dck
710,House.b18,wwhp.dck,zpy_wwhp.dck
711,House.b18,wwhp.dck,zpy_wwhp.dck
712,House.b18,wwhp.dck,zpy_wwhp.dck
713,House.b18,wwhp.dck,zpy_wwhp.dck
714,House.b18,wwhp.dck,zpy_wwhp.dck
715,House.b18,wwhp.dck,zpy_wwhp.dck
716,House.b18,wwhp.dck,zpy_wwhp.dck
717,House.b18,wwhp.dck,zpy_wwhp.dck
718,House.b18,wwhp.dck,zpy_wwhp.dck
719,House.b18,wwhp.dck,zpy_wwhp.dck
720,House.b18,wwhp.dck,zpy_wwhp.dck
721,House.b18,wwhp.dck,zpy_wwhp.dck
722,House.b18,wwhp.dck,zpy_wwhp.dck
723,House.b18,wwhp.dck,zpy_wwhp.dck
724,House.b18,wwhp.dck,zpy_wwhp.dck
725,House.b18,wwhp.dck,zpy_wwhp.dck
726,House.b18,wwhp.dck,zpy_wwhp.dck
727,House.b18,wwhp.dck,zpy_wwhp.dck
728,House.b18,wwhp.dck,zpy_wwhp.dck
729,House.b18,wwhp.dck,zpy_wwhp.dck
730,House.b18,wwhp.dck,zpy_wwhp.dck
731,House.b18,wwhp.dck,zpy_wwhp.dck
732,House.b18,wwhp.dck,zpy_wwhp.dck
733,House.b18,wwhp.dck,zpy_wwhp.dck
734,House.b18,wwhp.dck,zpy_wwhp.dck
735,House.b18,wwhp.dck,zpy_wwhp.dck
736,House.b18,wwhp.dck,zpy_wwhp.dck
737,House.b18,wwhp.dck,zpy_wwhp.dck
738,House.b18,wwhp.dck,zpy_wwhp.dck
739,House.b18,wwhp.dck,zpy_wwhp.dck
740,House.b18,wwhp.dck,zpy_wwhp.dck
741,House.b18,wwhp.dck,zpy_wwhp.dck
742,House.b18,wwhp.dck,zpy_wwhp.dck
743,House.b18,wwhp.dck,zpy_wwhp.dck
744,House.b18,wwhp.dck,zpy_wwhp.dck
745,House.b18,wwhp.dck,zpy_wwhp.dck
746,House.b18,wwhp.dck,zpy_wwhp.dck
747,House.b18,wwhp.dck,zpy_wwhp.dck
748,House.b18,wwhp.dck,zpy_wwhp.dck
749,House.b18,wwhp.dck,zpy_wwhp.dck
750,House.b18,wwhp.dck,zpy_wwhp.dck
751,House.b18,wwhp.dck,zpy_wwhp.dck
752,House.b18,wwhp.dck,zpy_wwhp.dck
753,House.b18,wwhp.dck,zpy_wwhp.dck
754,House.b18,wwhp.dck,zpy_wwhp.dck
755,House.b18,wwhp.dck,zpy_wwhp.dck
756,House.b18,wwhp.dck,zpy_wwhp.dck
757,House.b18,wwhp.dck,zpy_wwhp.dck
758,House.b18,wwhp.dck,zpy_wwhp.dck
759,House.b18,wwhp.dck,zpy_wwhp.dck
760,House.b18,wwhp.dck,zpy_wwhp.dck
761,House.b18,wwhp.dck,zpy_wwhp.dck
762,House.b18,wwhp.dck,zpy_wwhp.dck
763,House.b18,wwhp.dck,zpy_wwhp.dck
764,House.b18,wwhp.dck,zpy_wwhp.dck
765,House.b18,wwhp.dck,zpy_wwhp.dck
766,House.b18,wwhp.dck,zpy_wwhp.dck
767,House.b18,wwhp.dck,zpy_wwhp.dck
768,House.b18,wwhp.dck,zpy_wwhp.dck
769,House.b18,wwhp.dck,zpy_wwhp.dck
770,House.b18,wwhp.dck,zpy_wwhp.dck
771,House.b18,wwhp.dck,zpy_wwhp.dck
772,House.b18,wwhp.dck,zpy_wwhp.dck
773,House.b18,wwhp.dck,zpy_wwhp.dck
774,House.b18,wwhp.dck,zpy_wwhp.dck
775,House.b18,wwhp.dck,zpy_wwhp.dck
776,House.b18,wwhp.dck,zpy_wwhp.dck
777,House.b18,wwhp.dck,zpy_wwhp.dck
778,House.b18,wwhp.dck,zpy_wwhp.dck
779,House.b18,wwhp.dck,zpy_wwhp.dck
780,House.b18,wwhp.dck,zpy_wwhp.dck
781,House.b18,wwhp.dck,zpy_wwhp.dck
782,House.b18,wwhp.dck,zpy_wwhp.dck
783,House.b18,wwhp.dck,zpy_wwhp.dck
784,House.b18,wwhp.dck,zpy_wwhp.dck
785,House.b18,wwhp.dck,zpy_wwhp.dck
786,House.b18,wwhp.dck,zpy_wwhp.dck
787,House.b18,wwhp.dck,zpy_wwhp.dck
788,House.b18,wwhp.dck,zpy_wwhp.dck
789,House.b18,wwhp.dck,zpy_wwhp.dck
790,House.b18,wwhp.dck,zpy_wwhp.dck
791,House.b18,ashp.dck,zpy_ashp.dck
792,House_internal_heating.b18,wwhp_cp.dck,zpy_wwhp_cp.dck
793,House.b18,ashp.dck,zpy_ashp.dck
794,House.b18,ashp.dck,zpy_ashp.dck
795,House.b18,ashp.dck,zpy_ashp.dck
796,House_internal_heating.b18,wwhp_cp.dck,zpy_wwhp_cp.dck
797,House_internal_heating.b18,wwhp_cp.dck,zpy_wwhp_cp.dck
798,House_internal_heating.b18,wwhp_cp.dck,zpy_wwhp_cp.dck
799,House_internal_heating.b18,wwhp_cp.dck,zpy_wwhp_cp.dck
800,House_internal_heating.b18,wwhp_cp.dck,zpy_wwhp_cp.dck
801,House_internal_heating.b18,wwhp_cp.dck,zpy_wwhp_cp.dck
802,House_internal_heating.b18,wwhp_cp.dck,zpy_wwhp_cp.dck
803,House_internal_heating.b18,wwhp_cp.dck,zpy_wwhp_cp.dck
804,House.b18,ashp.dck,zpy_ashp.dck
805,House_internal_heating.b18,wwhp_cp.dck,zpy_wwhp_cp.dck
806,House.b18,ashp.dck,zpy_ashp.dck
807,House_internal_heating.b18,wwhp_cp.dck,zpy_wwhp_cp.dck
808,House.b18,ashp.dck,zpy_ashp.dck
809,House.b18,ashp.dck,zpy_ashp.dck
810,House.b18,ashp.dck,zpy_ashp.dck
811,House_internal_heating.b18,wwhp_cp.dck,zpy_wwhp_cp.dck
812,House.b18,ashp.dck,zpy_ashp.dck
813,House_internal_heating.b18,wwhp_cp.dck,zpy_wwhp_cp.dck
814,House_internal_heating.b18,wwhp_cp.dck,zpy_wwhp_cp.dck
815,House.b18,ashp.dck,zpy_ashp.dck
816,House_internal_heating.b18,wwhp_cp.dck,zpy_wwhp_cp.dck
817,House_internal_heating.b18,wwhp_cp.dck,zpy_wwhp_cp.dck
818,House_internal_heating.b18,wwhp_cp.dck,zpy_wwhp_cp.dck
819,House_internal_heating.b18,wwhp_cp.dck,zpy_wwhp_cp.dck
820,House.b18,ashp.dck,zpy_ashp.dck
821,House.b18,ashp.dck,zpy_ashp.dck
822,House_internal_heating.b18,wwhp_cp.dck,zpy_wwhp_cp.dck
823,House_internal_heating.b18,wwhp_cp.dck,zpy_wwhp_cp.dck
824,House.b18,ashp.dck,zpy_ashp.dck
825,House_internal_heating.b18,wwhp_cp.dck,zpy_wwhp_cp.dck
826,House_internal_heating.b18,wwhp_cp.dck,zpy_wwhp_cp.dck
827,House_internal_heating.b18,wwhp_cp.dck,zpy_wwhp_cp.dck
828,House_internal_heating.b18,wwhp_cp.dck,zpy_wwhp_cp.dck
829,House_internal_heating.b18,wwhp_cp.dck,zpy_wwhp_cp.dck
830,House_internal_heating.b18,wwhp_cp.dck,zpy_wwhp_cp.dck
831,House_internal_heating.b18,wwhp_cp.dck,zpy_wwhp_cp.dck
832,House.b18,ashp.dck,zpy_ashp.dck
833,House_internal_heating.b18,wwhp_cp.dck,zpy_wwhp_cp.dck
834,House_internal_heating.b18,wwhp_cp.dck,zpy_wwhp_cp.dck
835,House_internal_heating.b18,wwhp_cp.dck,zpy_wwhp_cp.dck
836,House.b18,ashp.dck,zpy_ashp.dck
837,House_internal_heating.b18,wwhp_cp.dck,zpy_wwhp_cp.dck
838,House_internal_heating.b18,wwhp_cp.dck,zpy_wwhp_cp.dck
839,House_internal_heating.b18,wwhp_cp.dck,zpy_wwhp_cp.dck
840,House_internal_heating.b18,wwhp_cp.dck,zpy_wwhp_cp.dck
841,House.b18,ashp.dck,zpy_ashp.dck
842,House_internal_heating.b18,wwhp_cp.dck,zpy_wwhp_cp.dck
843,House_internal_heating.b18,wwhp_cp.dck,zpy_wwhp_cp.dck
844,House_internal_heating.b18,wwhp_cp.dck,zpy_wwhp_cp.dck
845,House_internal_heating.b18,wwhp_cp.dck,zpy_wwhp_cp.dck
846,House_internal_heating.b18,wwhp_cp.dck,zpy_wwhp_cp.dck
847,House.b18,ashp.dck,zpy_ashp.dck
848,House_internal_heating.b18,wwhp_cp.dck,zpy_wwhp_cp.dck
849,House.b18,ashp.dck,zpy_ashp.dck
850,House.b18,ashp.dck,zpy_ashp.dck
851,House_internal_heating.b18,wwhp_cp.dck,zpy_wwhp_cp.dck
852,House_internal_heating.b18,wwhp_cp.dck,zpy_wwhp_cp.dck
853,House.b18,ashp.dck,zpy_ashp.dck
854,House.b18,ashp.dck,zpy_ashp.dck
855,House_internal_heating.b18,wwhp_cp.dck,zpy_wwhp_cp.dck
856,House.b18,ashp.dck,zpy_ashp.dck
857,House_internal_heating.b18,wwhp_cp.dck,zpy_wwhp_cp.dck
858,House.b18,ashp.dck,zpy_ashp.dck
859,House_internal_heating.b18,wwhp_cp.dck,zpy_wwhp_cp.dck
860,House.b18,wwhp.dck,zpy_wwhp.dck
